,代碼,10日均量,60日高點,月營收YoY,投信連買天數
0,9945,8287,37.15,32.95,0
1,9946,1951,31.0,275.36,0
2,9949,225,24.15,-0.53,0
3,9950,330,21.55,-5.44,0
4,9951,156,73.5,-11.24,0
5,9955,11557,38.6,-24.63,0
6,9958,7682,260.0,-12.69,0
7,9960,29,27.2,-17.93,0
8,9962,713,18.9,-32.9,0
9,6661,10,25.3,8.2,0
10,6662,15,39.5,-18.86,0
11,6664,1067,185.0,-2.02,0
12,6666,54,72.3,10.84,0
13,6667,2938,193.0,18.77,0
14,6668,5239,77.3,12.13,0
15,6669,2028,2560.0,-23.84,2
16,6670,487,251.5,-3.31,3
17,6671,30,43.8,-9.77,0
18,6672,321,97.5,-15.13,0
19,6674,8,27.5,-11.53,0
20,6679,532,499.0,32.38,0
21,6680,14,86.8,-43.01,0
22,6683,738,319.5,0.34,0
23,6684,2743,124.0,112.4,0
24,6689,298,130.0,22.66,0
25,6690,52,192.5,16.76,0
26,6691,625,409.5,-36.31,0
27,6693,62,82.1,6.66,0
28,6695,2328,95.0,-28.57,0
29,6697,52,60.9,9.21,0
30,6698,319,39.95,-35.43,0
31,6703,236,327.0,36.13,0
32,6706,275,68.3,-49.21,0
33,6708,24,50.8,-0.34,0
34,6712,528,225.0,23.35,0
35,6715,679,214.0,-31.6,0
36,6716,248,138.5,40.95,0
37,6719,1861,315.0,29.35,0
38,6721,13,52.0,11.77,0
39,6727,438,63.9,21.84,0
40,6728,23,142.0,5.67,0
41,6732,621,473.0,-9.59,0
42,6733,231,41.25,262.25,0
43,6735,510,116.5,406.6,0
44,6741,668,101.5,13.19,0
45,6742,973,91.7,7.13,0
46,6743,823,59.6,84.24,0
47,6747,34,191.0,-8.44,0
48,6751,18,82.7,-20.41,0
49,6752,62,142.0,13.51,0
50,6753,4321,138.0,-35.47,2
51,6754,144,63.9,39.61,0
52,6756,295,273.0,-7.8,0
53,6761,477,96.7,15.16,0
54,6762,5,259.0,-40.02,0
55,6763,25,488.0,-12.67,0
56,6767,48,40.5,14.37,0
57,6768,420,79.9,24.62,0
58,6770,22967,28.9,-3.88,1
59,6776,179,68.6,-1.48,0
60,6781,385,746.0,-24.41,0
61,6782,1333,269.5,32.19,9
62,6788,474,146.0,15.3,0
63,6789,2816,327.5,21.02,0
64,6790,690,52.0,-0.48,0
65,6791,17,89.8,16.58,0
66,6792,125,89.7,-14.66,0
67,6796,115,105.5,-14.8,0
68,6799,582,213.5,0.86,0
69,6803,36,311.5,4.82,0
70,6804,66,55.4,-51.46,0
71,6805,1752,896.0,37.18,3
72,6806,9195,158.5,102.06,3
73,6807,302,47.5,9.12,0
74,6811,269,346.0,7.27,0
75,6821,35,47.95,-21.72,0
76,6823,47,83.4,-18.19,0
77,6829,773,137.0,-31.55,0
78,6830,557,158.0,-4.71,0
79,6834,30,26.35,13.71,0
80,6835,824,56.7,19.19,0
81,6840,25,78.8,11.22,0
82,6841,817,95.3,406.59,0
83,6843,17,64.3,-40.13,0
84,6846,20,82.7,1.06,0
85,6855,29,137.5,17.18,0
86,6856,19,69.0,-15.91,0
87,6859,43,142.5,-36.8,0
88,6861,98,86.2,-8.01,0
89,6863,332,174.0,57.97,0
90,6865,14,70.2,1.7,0
91,6870,50,153.0,39.99,0
92,6874,95,131.0,-8.48,0
93,6877,42,35.75,3.58,0
94,6894,357,253.0,91.22,0
95,6895,144,113.0,-34.02,0
96,6901,1302,45.95,27.73,0
97,6904,21,240.0,-4.85,0
98,6906,158,227.0,6.17,0
99,6916,85,29.5,-33.32,0
100,6922,52,127.0,15.07,0
101,6933,1149,385.0,39.3,0
102,6937,1619,238.5,216.4,0
103,4721,244,84.4,-10.16,0
104,4722,208,40.5,0.97,0
105,4726,1996,44.9,-5.13,0
106,4728,104,241.0,-2.0,0
107,4729,199,22.85,-34.6,0
108,4735,28,41.7,-7.76,0
109,4736,163,165.5,-9.71,0
110,4737,39,73.6,25.07,0
111,4739,336,74.2,-23.5,0
112,4741,97,41.35,3.89,0
113,4743,2800,184.0,-11.69,0
114,4744,340,27.9,205.24,0
115,4745,37,25.35,-25.43,0
116,4746,4792,117.0,46.07,0
117,4747,278,90.5,-16.31,0
118,4754,42,45.0,1.55,0
119,4755,656,162.5,-23.2,0
120,4760,821,91.1,30.09,0
121,4763,2571,1050.0,109.27,0
122,4764,31,41.85,7.07,0
123,4766,1442,354.0,4.6,12
124,4767,48,32.2,-11.27,0
125,4768,2768,292.5,-8.05,0
126,4770,1058,458.5,7.97,0
127,4804,56,5.08,-53.16,0
128,4806,61,13.75,1821.18,0
129,4807,21,18.05,-8.21,0
130,4903,120,18.3,-48.12,0
131,4904,6008,82.3,13.41,3
132,4905,521,109.0,539.82,0
133,4906,3812,39.5,-19.05,0
134,4907,307,63.8,236600.0,0
135,4908,1830,124.0,-12.42,0
136,4909,1188,100.0,281.8,0
137,4911,61,61.6,38.39,0
138,4912,1334,136.5,19.11,0
139,4915,4242,87.0,-18.01,2
140,4916,1108,35.4,24.08,0
141,4919,2746,135.5,-5.65,7
142,4923,63,50.2,16.77,0
143,4924,74,16.9,-8.37,0
144,4927,507,50.4,-12.79,0
145,4930,361,38.0,19.14,0
146,4931,721,34.1,-35.02,0
147,4933,308,67.3,16.77,0
148,4934,1082,27.15,-91.43,0
149,4935,663,60.6,22.5,0
150,4938,13321,104.5,-26.19,12
151,4939,521,26.5,-8.23,0
152,4942,254,47.45,-8.02,0
153,4943,96,29.1,13.19,0
154,4945,590,143.0,6.82,0
155,4946,10,55.3,-0.21,0
156,4951,189,81.7,23.03,0
157,4952,954,54.0,10.41,0
158,4953,886,152.5,15.73,0
159,4956,2089,25.3,-11.88,0
160,4958,11260,132.0,21.68,1
161,4960,10863,14.55,4.48,0
162,4961,2674,283.0,4.76,0
163,4966,1094,1320.0,33.12,0
164,4967,8093,90.0,116.19,0
165,4968,2745,248.0,27.18,0
166,4971,156,68.7,32.93,0
167,4972,49,29.75,22.95,0
168,4973,1641,42.8,-2.25,0
169,4974,125,70.1,-4.68,0
170,4976,611,43.55,3.21,0
171,4977,568,82.1,-79.51,0
172,4979,4238,169.0,66.6,1
173,4987,20,63.0,-6.02,0
174,4989,406,27.3,38.47,0
175,4991,40,31.9,3.32,0
176,4994,632,133.0,-5.76,2
177,4995,176,55.6,-9.06,0
178,4999,147,35.05,-3.24,0
179,5007,82,59.3,1.56,0
180,5009,19382,54.9,2.24,9
181,5011,457,26.3,-9.82,0
182,5013,36,35.5,-2.45,0
183,5014,452,14.25,-18.75,0
184,5015,75,45.45,-1.99,0
185,5016,12,28.8,-27.66,0
186,5201,419,39.6,-19.57,0
187,5202,499,26.25,-16.14,0
188,5203,135,93.2,19.99,0
189,5205,6,29.95,214.45,0
190,5206,239,38.45,-100.0,0
191,5209,195,216.5,8.58,0
192,5210,1347,62.4,43.95,0
193,5211,164,27.35,5.05,0
194,5212,120,66.6,50.01,0
195,5213,1281,41.35,1138.26,0
196,5215,123,61.4,5.15,0
197,5220,53,27.95,-20.0,0
198,5222,2204,182.0,48.86,0
199,5223,66,46.5,5.82,0
200,5225,1765,126.0,18.51,2
201,5227,492,47.3,-86.33,0
202,6438,3533,136.5,-7.52,0
203,6441,161,49.4,-60.48,0
204,6442,3367,155.0,39.16,0
205,6443,11420,29.75,-58.97,0
206,6446,1856,338.0,60.51,0
207,6449,1005,99.0,4.37,0
208,6451,1884,224.0,-36.5,0
209,6456,979,65.3,24.21,0
210,6457,300,69.0,43.13,0
211,6461,184,30.8,457.55,0
212,6462,8131,336.0,-2.74,0
213,6464,114,87.7,-4.66,0
214,6465,83,29.7,-64.78,0
215,6469,361,343.5,7.91,0
216,6470,218,63.7,-34.47,0
217,6472,4769,830.0,-42.53,2
218,6477,976,42.35,-78.89,0
219,6482,40,67.7,46.05,0
220,6485,359,101.5,-27.26,0
221,6486,394,89.1,14.94,0
222,6488,3118,612.0,-15.56,0
223,6491,1034,490.0,14.3,0
224,6492,176,49.2,0.0,0
225,6494,136,89.6,-12.84,0
226,6496,32,29.25,-31.85,0
227,6499,42,47.75,-5.48,0
228,6504,73,77.3,-7.87,0
229,6505,4881,78.2,-4.8,2
230,6506,22,17.45,6.89,0
231,6508,97,34.4,-0.91,0
232,6509,576,40.8,-11.05,0
233,6510,212,569.0,7.02,0
234,6512,11,22.65,-16.48,0
235,6514,126,54.5,6.78,0
236,6515,1627,931.0,50.04,1
237,6516,42,81.2,-39.4,0
238,6517,381,90.5,-23.83,0
239,6523,260,179.0,10.18,0
240,6525,90,68.7,5.83,0
241,6526,1449,704.0,17.82,4
242,6527,73,87.7,-24.08,0
243,6530,1002,59.6,-6.93,0
244,6531,2580,544.0,6.76,0
245,6532,447,84.0,-25.32,0
246,6533,888,556.0,48.96,0
247,6535,1487,215.5,3.31,0
248,6538,1691,166.0,25.73,0
249,6541,363,65.2,-69.87,0
250,6542,29,73.0,18.07,0
251,6546,2457,154.5,7.41,1
252,6548,3729,37.65,-4.37,0
253,6552,72,36.15,30.2,0
254,6556,17,91.5,-15.7,0
255,6558,344,26.55,10.8,0
256,6560,30,31.95,-76.98,0
257,6561,82,384.5,7.03,0
258,6568,80,161.0,-15.18,0
259,6569,119,187.5,-8.92,0
260,6570,152,55.8,27.94,0
261,6573,58,14.8,-28.13,0
262,6574,12,52.5,-1.57,0
263,6576,294,107.0,537.37,0
264,6577,210,149.0,0.25,0
265,6578,2606,31.0,-7.17,0
266,6579,264,173.0,-5.92,0
267,6581,100,98.0,52.0,0
268,6582,55,55.4,30.22,0
269,6584,773,228.5,40.67,0
270,6585,1239,209.0,23.82,0
271,6588,210,40.5,-3.21,0
272,6589,713,98.2,-10.46,0
273,6590,59,104.0,-4.33,0
274,6591,424,69.0,-16.07,0
275,6592,701,125.0,12.26,0
276,6593,833,182.5,13.6,0
277,6596,852,80.5,327.6,0
278,6598,88,24.1,-39.31,0
279,6603,1985,17.6,57.5,0
280,6605,1644,228.0,9.02,12
281,6606,211,27.2,4.52,0
282,6609,138,35.9,-11.11,0
283,6612,327,139.5,14.05,0
284,6613,946,226.5,37.39,0
285,6615,17,48.0,7.5,0
286,6616,237,17.4,68.73,0
287,6624,37,45.95,133.81,0
288,6625,357,108.0,77.51,0
289,6629,151,91.6,70.5,0
290,6640,591,479.0,93.72,0
291,6641,49,45.3,6.98,0
292,6642,81,62.7,2.95,0
293,6643,1584,2005.0,-11.34,0
294,6649,60,32.65,-40.71,0
295,6651,96,87.0,-19.25,0
296,6654,21,59.2,-55.57,0
297,6655,3,122.0,-2.22,0
298,6657,348,62.7,-7.74,0
299,6658,26,45.45,1.78,0
300,3293,1496,1165.0,31.81,0
301,3294,11026,58.5,20.24,0
302,3296,2271,27.8,2.88,0
303,3297,398,24.5,17.51,0
304,3303,359,34.95,10.14,0
305,3305,2549,78.0,-0.76,0
306,3306,1514,58.7,-6.82,0
307,3308,372,39.3,-91.3,0
308,3310,40,111.0,-18.45,0
309,3311,160,43.95,8.41,0
310,3312,22406,51.5,19.77,0
311,3313,793,28.0,-81.76,0
312,3317,209,57.5,-13.84,0
313,3321,842,21.0,31.56,0
314,3322,2535,27.85,-8.74,0
315,3323,189,28.9,-41.69,0
316,3324,10330,865.0,-16.71,0
317,3325,1621,42.5,-18.31,0
318,3332,48,45.0,-25.32,0
319,3338,3168,76.1,14.53,0
320,3339,5193,41.3,10.86,0
321,3346,1845,51.9,-18.69,0
322,3349,11,28.6,51.95,0
323,3354,1165,31.55,49.2,0
324,3356,1991,56.9,13.51,0
325,3357,296,127.5,4.8,0
326,3360,1880,22.35,-58.26,0
327,3362,2166,285.0,-5.34,0
328,3363,9218,133.5,-15.74,0
329,3372,3139,24.4,22.04,0
330,3373,108,28.35,-7.88,0
331,3374,1329,135.5,-4.23,0
332,3376,4723,224.0,53.45,0
333,3379,74,15.85,0.35,0
334,3380,1848,39.25,-34.77,0
335,3388,142,79.6,0.13,0
336,3390,1089,38.5,-8.16,0
337,3402,5171,121.5,40.07,0
338,3406,1642,509.0,86.32,0
339,3413,1966,314.0,-3.2,0
340,3416,571,155.0,-1.32,1
341,3419,337,18.1,18.72,0
342,3426,30,46.3,38.8,0
343,3430,440,51.5,44.39,0
344,3432,358,20.8,11.77,0
345,3434,109,34.5,-1.74,0
346,3437,1375,38.65,-0.83,0
347,3438,472,93.5,-9.9,0
348,3441,677,39.45,1.3,0
349,3443,3122,1760.0,-0.03,0
350,3444,1902,136.0,13.91,0
351,3447,52,38.8,-60.72,0
352,3450,9555,79.8,10.99,0
353,3454,226,158.5,-11.65,0
354,3455,798,87.9,-11.58,0
355,3465,31,80.7,-29.67,0
356,3466,2249,41.0,-95.04,0
357,3479,732,129.0,-34.82,3
358,3481,102226,17.0,14.97,0
359,3483,1482,182.5,-3.58,0
360,3484,857,53.7,12.11,0
361,3489,995,27.15,-36.11,0
362,3490,5489,35.7,-39.57,0
363,3491,2528,182.5,2.31,1
364,3492,64,21.9,22.39,0
365,3494,125,7.05,3.59,0
366,3498,650,41.8,-86.39,0
367,3499,620,25.15,-36.06,0
368,3501,720,61.4,5.13,0
369,3504,468,74.0,-28.81,0
370,3508,184,28.2,-40.32,0
371,3511,76,28.3,-43.47,0
372,3512,1679,40.25,-49.8,0
373,3515,899,308.5,-2.02,0
374,3516,471,33.7,16.47,0
375,3518,258,36.25,-6.09,0
376,3520,309,21.45,-15.39,0
377,3521,407,24.6,144.2,0
378,3522,293,21.2,38.21,0
379,3523,259,20.1,27.02,0
380,3526,500,237.0,45.93,0
381,3527,128,109.5,14.17,0
382,3528,49,51.4,-36.52,0
383,3529,752,3245.0,45.14,0
384,3530,409,136.5,-27.25,0
385,3531,26,34.0,-15.42,0
386,3532,1389,174.5,-23.28,0
387,3533,1771,1630.0,4.12,0
388,3535,1648,25.4,-52.45,0
389,3537,230,41.85,-4.15,0
390,3540,823,56.8,-10.24,0
391,3541,139,38.9,-45.88,0
392,3543,279,29.3,-4.47,0
393,3545,2302,108.5,-18.2,0
394,3546,178,83.5,-7.56,0
395,3548,5798,288.0,38.76,0
396,3550,123,16.3,-20.27,0
397,3551,1414,129.0,6.83,0
398,3552,348,135.0,-18.81,0
399,3555,263,39.3,1255.49,0
400,4148,67,54.4,-54.38,0
401,4153,43,40.0,-7.41,0
402,4154,20,16.05,-90.33,0
403,4155,528,25.4,36.21,0
404,4157,4828,16.45,45.71,0
405,4160,59,43.85,2.92,0
406,4161,233,38.9,0.67,0
407,4162,680,110.5,-3.03,0
408,4163,69,128.0,-21.5,0
409,4164,999,61.9,-42.52,0
410,4167,3040,22.05,12.22,0
411,4168,777,28.05,-100.0,0
412,4171,179,39.5,-64.58,0
413,4173,401,23.05,8.13,0
414,4174,315,70.1,94.75,0
415,4175,40,89.4,-0.8,0
416,4183,208,24.65,100.93,0
417,4188,210,37.4,-51.12,0
418,4190,82,57.1,-31.01,0
419,4192,183,55.5,25.51,0
420,4198,162,59.5,27.93,0
421,4205,25,99.5,6.2,0
422,4207,688,19.6,10.61,0
423,4303,7777,61.1,28.49,0
424,4304,104,8.3,-45.41,0
425,4305,32,42.25,6.91,0
426,4306,6879,20.1,1.29,2
427,4401,561,28.2,22.72,0
428,4402,2394,30.85,-77.11,0
429,4406,44,10.8,-42.53,0
430,4413,22,22.9,29.19,0
431,4414,731,3.91,-8.33,0
432,4416,26,106.0,5.42,0
433,4417,103,39.7,-12.64,0
434,4419,49,49.35,50.71,0
435,4420,247,72.1,-3.89,0
436,4426,162,20.05,-33.05,0
437,4430,18,22.45,-24.49,0
438,4432,220,26.05,-60.62,0
439,4433,41,31.95,-10.24,0
440,4438,67,112.5,-15.41,0
441,4439,57,126.5,-7.86,0
442,4440,70,25.95,-4.84,0
443,4442,20,25.2,45.27,0
444,4502,33,36.9,28.86,0
445,4503,450,68.5,14.63,0
446,4506,313,107.0,32.25,0
447,4510,1496,18.05,-5.98,0
448,4513,5315,42.45,34.67,0
449,4523,107,64.4,-1.13,0
450,4526,7579,24.4,-7.73,0
451,4527,166,42.75,12.71,0
452,4528,63,31.75,-32.58,0
453,4529,414,19.0,169.35,0
454,4530,22,7.97,11.49,0
455,4532,6590,27.9,35.34,0
456,4533,33990,40.25,41.37,0
457,4534,379,14.15,-17.01,0
458,4535,63,34.8,-9.08,0
459,4536,234,197.0,-29.17,3
460,4538,102,23.45,-62.71,0
461,4540,311,38.75,-27.67,0
462,4541,966,34.3,15.55,0
463,4542,514,72.9,-12.21,0
464,4543,2232,60.7,-17.96,0
465,4545,525,35.5,-20.63,0
466,4549,43,97.7,-2.57,0
467,4550,391,42.5,-33.18,0
468,4551,189,116.5,-18.81,0
469,4552,240,32.35,-14.05,0
470,4554,76,32.85,7.49,0
471,4555,48,68.5,-28.26,0
472,4556,552,44.85,-10.95,0
473,4557,145,128.5,2.75,0
474,4558,163,27.75,62.69,0
475,4560,104,38.2,9.51,0
476,4561,1110,38.85,0.83,0
477,4562,597,19.55,15.37,0
478,4563,389,53.6,20.79,0
479,4564,708,24.45,-47.24,0
480,4566,254,54.6,-11.03,0
481,4568,19,57.5,-5.87,0
482,4569,16,97.4,8.29,0
483,4571,84,105.0,12.68,0
484,4572,587,177.5,8.1,0
485,4576,626,89.5,-14.53,0
486,4577,17,23.5,-60.8,0
487,4580,100,98.5,-18.47,0
488,4581,93,70.6,-12.33,0
489,4583,341,262.5,2.77,0
490,4584,44,75.0,23.76,0
491,4609,126,9.02,-52.16,0
492,4702,108,14.3,-78.42,0
493,4706,24,33.55,14.73,0
494,4707,647,14.25,-32.87,0
495,4711,34,17.7,-20.05,0
496,4714,7735,27.35,18.99,0
497,4716,4412,17.45,41.1,0
498,4720,911,17.9,7.34,0
499,5536,1111,230.0,-8.12,0
500,5538,50,35.1,-27.64,0
501,5543,275,50.0,13.05,0
502,5546,29,32.1,-17.95,0
503,5601,5,36.95,1.25,0
504,5603,292,24.05,-26.77,0
505,5604,87,50.0,2.91,0
506,5607,1039,64.4,16.88,0
507,5608,2761,20.1,-6.49,0
508,5609,515,95.2,7.18,0
509,5701,85,6.98,17.29,0
510,5703,117,24.95,35.51,0
511,5704,63,51.4,-0.02,0
512,5706,1622,74.1,47.33,0
513,5864,2665,21.7,104.6,0
514,5871,5102,184.0,8.44,1
515,5876,5897,48.35,9.17,1
516,5878,5,48.55,11.89,0
517,5880,11275,26.3,-7.45,1
518,5902,37,34.35,-8.53,0
519,5903,82,191.5,6.61,0
520,5904,287,545.0,14.94,2
521,5905,618,12.45,15.67,0
522,5906,11,66.7,-12.62,0
523,5907,503,11.8,-12.52,0
524,6005,22568,23.5,45.46,2
525,6015,5611,13.3,113.48,0
526,6016,9601,17.9,-11.42,0
527,6020,50,20.0,79.71,0
528,6021,167,18.85,173.13,0
529,6023,254,81.8,6.91,0
530,6024,536,56.0,-0.29,2
531,6026,6223,17.3,-22.89,0
532,6101,214,48.9,159.5,0
533,6103,1,39.15,113.42,0
534,6104,1289,127.5,-2.9,0
535,6108,492,24.25,-10.48,0
536,6109,282,17.1,-24.07,0
537,6111,696,83.9,27.16,0
538,6112,1060,74.2,-21.99,0
539,6113,2263,45.7,-55.88,0
540,6114,85,32.9,-12.04,0
541,6115,285,54.1,4.12,0
542,6116,7379,12.3,-28.92,0
543,6117,14072,108.0,25.44,0
544,6118,268,26.9,-0.32,0
545,6120,15718,18.6,29.58,0
546,6121,1536,556.0,-13.0,6
547,6122,1935,71.0,-20.89,0
548,6123,81,70.9,-5.15,0
549,6124,399,40.8,-30.83,0
550,6125,16418,91.5,-48.08,0
551,6126,2601,41.05,-3.25,0
552,6127,944,31.0,18.11,0
553,6128,1198,42.7,-7.81,0
554,6129,704,29.85,-51.67,0
555,6130,36,33.15,-38.2,0
556,6133,526,15.6,-8.17,0
557,6134,217,23.0,9.22,0
558,6136,383,25.65,-16.37,0
559,6138,1438,237.5,12.78,0
560,6139,5374,366.0,142.69,0
561,6140,811,49.4,-37.34,0
562,6141,451,22.0,36.48,0
563,6142,386,10.95,-81.25,0
564,6143,3861,111.0,-19.42,2
565,6144,54,20.0,14.65,0
566,6146,593,286.0,-14.23,11
567,6147,4048,79.0,-13.64,0
568,6148,328,35.85,36.22,0
569,6150,471,100.0,5.82,0
570,6151,67,28.6,-6.52,0
571,6152,651,11.45,-37.42,0
572,6153,1681,22.55,-37.06,0
573,6154,41,17.4,3.7,0
574,6155,121,29.55,-11.18,0
575,6156,558,26.3,-7.38,0
576,6158,142,34.3,-4.05,0
577,6160,348,23.35,-49.79,0
578,6161,349,52.4,-17.8,0
579,6163,2925,24.85,-10.63,0
580,6164,1573,18.35,18.64,0
581,6165,1657,53.9,1.83,0
582,6166,1767,72.8,-31.36,0
583,6167,1011,18.85,-54.08,0
584,6168,821,29.3,-9.46,0
585,6169,35,24.3,55.37,0
586,6170,769,59.1,37.52,0
587,6171,292,39.7,0.0,0
588,6173,589,47.75,-3.67,0
589,6174,34,24.75,-14.63,0
590,6175,186,36.65,7.75,0
591,6176,3842,188.5,16.86,7
592,6177,4543,47.45,-61.7,2
593,6179,2985,37.0,-69.61,0
594,6180,735,77.8,1.47,0
595,6182,2515,43.35,-22.16,7
596,6183,73,75.7,12.24,0
597,6184,47,54.4,0.3,0
598,1101,22422,33.65,16.36,2
599,1102,5140,42.5,-21.39,2
600,1103,417,18.6,2.31,0
601,1104,2908,33.45,1.49,0
602,1108,2982,17.05,3.09,0
603,1109,775,20.0,-35.42,0
604,1110,259,18.8,4.21,0
605,1201,380,19.1,3.93,0
606,1203,26,57.0,-3.59,0
607,1210,2580,60.5,-10.86,0
608,1213,59,7.34,-69.7,0
609,1215,476,114.0,-8.57,2
610,1216,8014,78.0,16.44,22
611,1217,1275,12.2,-10.04,0
612,1218,921,22.75,3.21,0
613,1219,371,19.1,-25.81,0
614,1220,361,15.45,-1.37,0
615,1225,20,57.5,-13.75,0
616,1227,548,38.8,4.37,0
617,1229,1163,69.2,-3.45,0
618,1231,231,98.8,-9.26,0
619,1232,63,147.0,-8.56,0
620,1233,13,35.3,16.48,0
621,1234,240,42.05,-7.3,0
622,1235,12,84.2,309.05,0
623,1236,21,24.4,-17.8,0
624,1240,37,53.2,-13.62,0
625,1256,30,267.0,-34.69,0
626,1259,14,76.6,6.46,0
627,1264,15,312.0,-1.94,0
628,1268,96,158.5,39.52,0
629,1301,8611,75.5,-12.22,1
630,1303,8405,63.6,-8.95,1
631,1304,2764,19.1,-13.71,0
632,1305,1643,21.4,-15.69,0
633,1307,770,30.4,8.66,0
634,1308,1052,23.1,-11.43,0
635,1309,640,17.6,-2.0,0
636,1310,972,14.7,-45.24,0
637,1312,2393,14.75,-43.1,0
638,1313,1479,15.55,12.04,0
639,1314,27079,9.93,17.04,0
640,1315,45,73.7,-27.92,0
641,1316,8338,26.2,47.83,0
642,1319,5403,131.5,5.2,2
643,1321,388,37.2,-10.28,0
644,1323,30,31.45,-16.09,0
645,1324,310,17.3,-17.51,0
646,1325,454,42.5,-40.86,0
647,1326,5596,59.7,2.18,3
648,1336,193,23.4,0.13,0
649,1337,418,8.0,61.06,0
650,1338,142,41.0,-33.6,0
651,1339,408,74.2,8.53,0
652,1340,91,11.3,-39.01,0
653,1341,46,65.0,-7.15,0
654,1342,540,141.5,-5.04,0
655,1402,5053,33.25,-0.2,0
656,1409,3340,16.95,26.5,0
657,1410,71,37.9,8.47,0
658,1413,116,9.49,22.2,0
659,1414,486,21.2,-1.42,0
660,1416,1040,13.85,-36.78,0
661,1417,317,12.25,-54.52,0
662,1418,82,34.2,-15.35,0
663,1419,74,47.4,9.37,0
664,1423,78,31.25,-37.41,0
665,1432,297,24.75,10.57,0
666,1434,1378,25.0,-3.51,0
667,1435,7,57.4,35.64,0
668,1436,364,117.0,-87.14,2
669,1437,207,33.25,0.78,0
670,1438,473,55.5,-100.0,0
671,1439,56,28.25,-52.76,0
672,1440,1734,16.2,-26.52,0
673,1441,46,14.2,-21.7,0
674,1442,2202,50.4,164.33,2
675,1443,180,33.3,7.51,0
676,1444,1458,10.4,-3.02,0
677,1445,815,27.15,-48.95,0
678,1446,217,36.2,980.85,0
679,1447,962,8.96,-14.24,0
680,1449,536,22.3,-1.61,0
681,1451,247,20.3,14.47,0
682,1452,181,17.25,26.53,0
683,1453,3226,24.8,101.75,0
684,1454,56,16.75,2.67,0
685,1455,3319,15.2,1.49,2
686,1456,316,23.65,15.12,0
687,1457,457,20.8,23.72,0
688,1459,92,9.98,64.28,0
689,1460,978,8.5,-9.9,0
690,1463,174,18.9,-14.61,0
691,1464,397,13.85,8.71,0
692,1465,116,15.3,-25.06,0
693,1466,138,14.1,9.16,0
694,1467,5169,11.65,46.06,0
695,1468,62,15.1,4.4,0
696,1470,15,21.0,-25.83,0
697,1471,843,18.25,13.01,0
698,1776,67,18.45,-1.38,0
699,1777,27,84.6,1.82,0
700,1781,119,18.0,31.44,0
701,1783,175,48.05,-33.2,0
702,1784,286,66.5,-5.52,0
703,1785,12407,50.1,19.83,2
704,1786,2406,116.0,16.85,0
705,1788,23,140.5,-8.51,0
706,1789,1876,28.7,34.71,0
707,1795,10160,342.0,-19.55,1
708,1796,84,71.2,-47.16,0
709,1799,109,69.9,256.44,0
710,1802,3709,18.8,-10.59,0
711,1805,1029,20.8,-17.24,0
712,1806,472,12.8,9.36,0
713,1808,4230,129.5,-45.49,0
714,1809,2582,35.7,-1.08,0
715,1810,10905,21.75,-2.6,0
716,1813,55,20.9,-26.44,0
717,1815,12048,21.5,-8.61,0
718,1817,314,38.2,-11.9,0
719,1903,722,60.9,-15.47,0
720,1904,1080,29.35,-5.15,0
721,1905,4162,24.0,-6.98,0
722,1906,175,15.85,3.18,0
723,1907,1562,31.45,-4.67,1
724,1909,2224,15.2,-5.11,0
725,2002,41962,26.05,-2.92,2
726,2006,2642,78.7,0.67,0
727,2007,3530,12.15,17.21,0
728,2008,70,23.3,4.09,0
729,2009,32318,51.8,-9.79,0
730,2010,3271,21.9,0.19,0
731,2012,99,24.4,-3.87,0
732,2013,783,65.6,1.53,0
733,2014,19729,24.95,-19.35,0
734,2015,603,73.3,-13.39,1
735,2017,1940,15.55,6.99,0
736,2020,1887,39.55,-18.53,2
737,2022,3007,12.75,-21.58,0
738,2023,3927,16.65,-7.92,0
739,2024,20,23.5,2.49,0
740,2027,11239,37.8,-25.67,1
741,2028,2507,29.6,-31.35,0
742,2029,753,30.85,-0.16,0
743,2030,985,19.25,-13.94,0
744,2031,2759,66.8,-28.03,0
745,2032,1533,18.75,-6.03,0
746,2033,860,18.3,-17.35,0
747,2034,513,26.8,-24.68,0
748,2035,25,33.65,-19.24,0
749,2038,4466,21.95,-9.8,0
750,2049,2991,284.0,-12.23,0
751,2059,1604,1470.0,68.41,1
752,2061,1514,24.4,9.8,0
753,2062,1280,30.8,-3.01,0
754,2063,129,56.3,26.23,0
755,2064,46,16.6,-6.55,0
756,2065,109,66.6,-14.02,0
757,2066,2159,129.0,0.81,0
758,2067,33,13.25,-23.75,0
759,2069,331,16.9,-6.44,0
760,2070,88,41.35,-8.24,0
761,2073,30,30.75,-3.86,0
762,2101,18072,50.0,17.58,0
763,2102,502,18.95,-76.51,0
764,2103,2534,24.7,-0.6,7
765,2104,1460,18.9,-5.06,0
766,2105,4609,50.0,-6.88,0
767,2106,1598,34.1,-1.84,0
768,2107,707,25.55,-29.61,0
769,2108,367,36.65,6.41,0
770,2109,1907,17.95,-9.87,0
771,2114,50,111.0,-4.43,0
772,2115,195,31.0,31.96,0
773,2201,5694,72.2,5.71,0
774,2204,4943,147.5,29.08,1
775,2206,4869,78.2,-1.02,2
776,2207,367,672.0,-6.81,0
777,2208,6833,19.5,-39.92,0
778,2211,2482,144.5,-9.56,8
779,2221,37,36.15,-8.03,0
780,2227,71,183.0,-3.21,0
781,2228,355,104.5,2.06,0
782,2230,671,191.0,121.23,0
783,2231,417,131.0,-25.69,0
784,2233,193,144.0,0.42,0
785,2235,12,49.65,19.01,0
786,2236,1117,86.1,-24.0,0
787,2239,92,59.7,-21.7,0
788,2241,2537,42.5,2.44,0
789,2243,163,20.05,77.15,0
790,2247,75,319.0,3.99,1
791,2250,172,117.0,1.36,0
792,2301,17661,123.5,-14.97,3
793,2302,305,20.35,-9.89,0
794,2303,65354,53.3,2.7,4
795,2305,593,29.45,13.98,0
796,2308,11252,358.0,-7.61,1
797,5228,35,23.65,-12.81,0
798,5230,4831,35.05,21.31,0
799,5234,2913,167.5,-6.11,0
800,5236,214,178.5,18.79,0
801,5243,1995,61.4,-4.71,0
802,5244,256,57.9,-7.84,0
803,5245,26,40.45,-10.07,0
804,5251,1844,33.9,261.46,0
805,5258,2391,147.5,6.69,0
806,5263,149,131.0,35.65,0
807,5269,968,2550.0,16.99,0
808,5272,374,43.8,-10.29,0
809,5274,359,3405.0,58.99,1
810,5276,1,15.15,-30.44,0
811,5278,9,273.5,5.56,0
812,5283,82,117.0,-17.43,0
813,5284,1558,232.0,-4.17,0
814,5285,187,68.5,2.43,0
815,5287,78,209.0,6.38,0
816,5288,55,199.5,-10.25,2
817,5289,668,339.5,-11.8,0
818,5291,91,28.0,-18.82,0
819,5292,274,161.0,-11.27,0
820,5299,254,130.5,-19.41,0
821,5301,94,10.45,226.74,0
822,5302,231,12.45,-27.7,0
823,5306,305,154.5,-22.66,0
824,5309,1945,39.6,2.99,0
825,5310,384,53.4,-83.24,0
826,5312,240,111.0,7.01,0
827,5315,191,20.25,-27.14,0
828,5321,131,90.7,-25.19,0
829,5324,2793,14.55,24.75,0
830,5328,836,16.6,-29.9,0
831,5340,1892,64.3,138.39,0
832,5344,114,24.95,46.47,0
833,5345,9,12.3,-41.95,0
834,5347,11266,90.8,44.82,5
835,5348,28,20.5,-13.11,0
836,5351,7439,57.2,52.17,0
837,5353,200,38.3,-36.04,0
838,5355,547,14.15,-24.1,0
839,5356,546,37.0,-14.83,0
840,5364,113,21.45,-8.42,0
841,5371,18713,107.5,-11.2,13
842,5381,7988,39.35,28.92,0
843,5383,482,42.0,-17.81,0
844,5386,1851,92.0,31.18,0
845,5388,3601,149.0,3.81,1
846,5392,2547,27.65,-4.2,0
847,5398,83,20.5,-4.74,0
848,5403,312,145.0,10.42,0
849,5410,1160,37.55,61.63,0
850,5425,3704,83.6,-18.64,0
851,5426,5462,42.75,-17.75,0
852,5432,683,172.0,-13.94,0
853,5434,4493,265.0,-2.36,17
854,5438,65,20.6,-1.93,0
855,5439,2803,128.0,-13.26,0
856,5443,14847,69.0,11.68,0
857,5450,256,22.3,-2.65,0
858,5452,1163,29.85,-4.22,0
859,5455,54,60.3,2655.08,0
860,5457,1333,70.0,17.29,0
861,5460,99,14.8,-42.85,0
862,5464,77,32.3,-25.86,0
863,5465,1418,51.9,-17.22,0
864,5468,43,18.05,13.22,0
865,5469,3551,67.0,-17.27,16
866,5471,477,55.2,11.2,0
867,5474,591,147.0,23.49,0
868,5475,249,13.0,-24.61,0
869,5478,264,173.5,33.05,0
870,5481,64,14.1,0.84,0
871,5483,5280,240.0,-5.69,0
872,5484,88,29.5,-15.81,0
873,5487,39,34.45,22.34,0
874,5488,726,18.15,-55.57,0
875,5489,104,39.1,1.34,0
876,5490,284,28.2,56.24,0
877,5493,689,95.3,19.44,0
878,5498,1691,17.05,-0.59,0
879,5508,2179,163.0,102.41,2
880,5511,2183,79.0,-34.15,0
881,5512,28029,13.75,-50.2,0
882,5514,156,22.7,-8.39,0
883,5515,8527,28.95,36.06,0
884,5516,177,21.85,-67.69,0
885,5519,2214,42.9,8.13,2
886,5520,14,90.0,-11.61,0
887,5521,20937,14.55,47.6,0
888,5522,2378,62.2,44.63,2
889,5523,166,29.6,-91.44,0
890,5525,479,35.75,-72.76,0
891,5529,566,27.4,-1.5,0
892,5530,632,43.1,-22.66,0
893,5531,3337,10.75,-97.7,0
894,5533,762,25.0,-90.07,0
895,5534,5519,123.0,-60.31,9
896,2312,4957,15.9,-12.66,0
897,2313,22219,83.5,19.07,12
898,2314,1303,36.0,-53.97,0
899,2316,5159,46.75,0.61,2
900,2317,120949,159.0,11.8,0
901,2321,14,17.75,-4.87,0
902,2323,8871,12.65,-1.2,2
903,2324,20344,38.65,-2.21,0
904,2327,2828,622.0,11.3,1
905,2328,2688,38.25,-5.19,0
906,2329,28530,82.8,20.72,2
907,2330,51518,820.0,34.25,0
908,2331,6770,32.0,-12.02,0
909,2332,3088,19.95,-13.98,0
910,2337,10103,30.55,-25.15,1
911,2338,1835,72.1,16.18,0
912,2340,2278,45.55,13.95,0
913,2342,600,34.7,-2.08,0
914,2344,35601,29.0,9.11,1
915,2345,3946,569.0,4.3,0
916,2347,5963,80.1,0.41,7
917,2348,2153,198.5,80.47,2
918,2349,1298,8.06,18.17,0
919,2351,770,106.0,-20.5,0
920,2352,10118,48.15,-11.89,1
921,2353,58960,51.0,13.81,2
922,2354,17484,65.1,-61.28,2
923,2355,4800,52.3,-7.55,0
924,2356,32386,61.1,5.57,0
925,2357,3716,479.5,0.99,0
926,2359,4109,105.5,-28.2,0
927,2360,1971,285.0,9.53,1
928,2362,3627,44.15,-1.4,0
929,2363,103711,69.2,-20.2,0
930,2364,153,104.0,-7.89,0
931,2365,10660,25.45,23.12,0
932,2367,54537,29.2,15.71,0
933,2368,7907,275.0,24.24,0
934,2369,3908,28.4,-1.14,0
935,2371,195899,69.1,-8.86,0
936,2373,75,74.9,-15.52,0
937,2374,35337,43.0,35.34,0
938,2375,535,66.8,-2.19,0
939,2376,17279,381.0,149.17,0
940,2377,3562,195.0,0.5,0
941,2379,3155,604.0,13.89,1
942,2380,138,7.5,86.22,0
943,2382,39348,298.0,9.65,1
944,2383,9510,545.0,66.4,0
945,2385,5465,258.5,-2.96,1
946,2387,1394,66.1,6.22,3
947,2388,12660,149.5,4.13,0
948,2390,647,15.45,23.11,0
949,2392,2534,47.1,6.13,0
950,2393,5122,62.4,8.67,0
951,2395,1174,407.0,-22.85,2
952,2397,71,68.0,-54.62,0
953,2399,1312,26.65,-18.0,0
954,2401,8552,34.3,19.14,0
955,2402,7567,36.35,-5.62,0
956,2404,3077,432.0,-27.76,8
957,2405,8184,21.1,4.23,0
958,2406,10002,21.35,53.85,0
959,2408,20182,71.8,57.95,1
960,2409,46649,19.2,10.52,1
961,2412,10148,127.0,-0.94,3
962,2413,261,30.25,-44.52,0
963,2414,203,36.85,-12.63,0
964,2415,160,31.0,21.61,0
965,2417,2564,52.8,-2.87,0
966,2419,1587,34.2,-9.2,0
967,2420,387,55.2,0.68,0
968,2421,6003,138.0,-8.23,0
969,2423,344,43.05,4.43,0
970,2424,14,35.25,-65.5,0
971,2425,1049,49.85,-7.05,0
972,2426,565,20.15,0.94,0
973,2427,10185,30.45,293.26,0
974,2428,378,177.0,-9.89,0
975,2429,29,21.9,-34.43,0
976,2430,260,40.7,-2.92,0
977,2431,615,14.7,-43.15,0
978,2433,53,53.2,-10.31,0
979,2434,6,35.2,10.54,0
980,2436,1482,70.8,3.65,1
981,2438,160,24.65,118.23,0
982,2439,3358,128.0,10.67,0
983,2440,1568,16.45,27.17,0
984,2441,936,64.6,5.4,0
985,2442,2662,29.2,614.19,0
986,2444,338,13.05,-41.73,0
987,2449,13196,116.5,7.17,7
988,2450,203,39.45,3.55,2
989,2451,1560,94.5,-14.88,1
990,2453,1555,64.7,13.47,0
991,2454,8117,1230.0,17.51,0
992,2455,2396,188.5,60.71,0
993,2457,4339,62.3,-33.05,0
994,2458,3326,170.0,39.46,0
995,2459,257,72.0,-25.96,0
996,7402,797,132.5,4.17,0
997,7556,19,157.0,9.92,0
998,8011,10136,33.55,124.7,0
999,8016,1107,317.0,-16.12,1
1000,8021,942,30.65,34.13,0
1001,8024,100,22.85,-35.5,0
1002,8027,3598,103.0,-47.62,0
1003,8028,2486,54.8,-18.95,0
1004,8032,13,31.1,-23.46,0
1005,8033,11102,83.4,-12.14,0
1006,8034,1144,33.6,-76.16,0
1007,8038,146,34.25,-84.43,0
1008,8039,979,49.15,36.52,0
1009,8040,1572,89.4,-26.75,0
1010,8042,27,37.45,1.24,0
1011,8043,97,28.4,-14.63,0
1012,8044,987,44.75,-9.6,0
1013,8046,3026,230.5,-38.92,0
1014,8047,940,18.4,-36.91,0
1015,8048,372,71.9,-14.85,0
1016,8049,672,42.65,-52.18,0
1017,8050,1198,88.4,-37.46,7
1018,8054,22684,204.0,-3.74,0
1019,8059,1304,40.1,-81.99,0
1020,8064,6805,31.45,-16.02,0
1021,8066,77,32.15,-10.34,0
1022,8067,7,20.95,-20.26,0
1023,8068,406,41.5,-46.62,0
1024,8069,6682,253.0,-25.31,0
1025,8070,3318,43.65,-5.81,0
1026,8071,178,15.6,-18.17,0
1027,8072,84,30.05,-22.88,0
1028,8074,221,23.55,9.89,0
1029,8076,589,30.9,24.56,0
1030,8077,99,78.7,40.33,0
1031,8080,46,20.75,-50.52,0
1032,8081,908,289.0,3.47,12
1033,8083,128,178.0,76.92,0
1034,8084,331,106.0,-67.84,0
1035,8085,5360,78.8,-57.09,0
1036,8086,3165,158.0,273.58,0
1037,8087,437,67.8,5916.6,0
1038,8088,5360,49.15,-36.66,0
1039,8089,1601,94.0,40.03,0
1040,8091,813,138.0,14.71,0
1041,8092,1413,32.8,-61.64,0
1042,8093,85,17.25,-45.42,0
1043,8096,27065,32.9,52.9,0
1044,8097,941,74.2,115.9,0
1045,8099,237,82.2,-14.48,0
1046,8101,35,4.3,35.51,0
1047,8103,604,47.7,-10.66,0
1048,8104,215,36.95,-12.47,0
1049,8105,1326,14.85,-15.85,0
1050,8107,72,16.55,3.75,0
1051,8109,135,104.5,-25.78,0
1052,8110,9752,18.8,11.23,0
1053,8111,2219,26.95,-6.41,0
1054,8112,19290,86.6,168.4,10
1055,8114,146,135.0,-10.61,0
1056,8121,2354,33.2,8.44,0
1057,8131,305,39.05,19.22,0
1058,8147,838,145.0,10.97,0
1059,8150,3275,51.0,5.2,5
1060,8155,2550,160.0,4.75,0
1061,8163,1490,64.3,-23.71,0
1062,8171,322,42.3,-25.04,0
1063,8176,260,15.55,202.11,0
1064,8182,198,40.6,10.88,0
1065,8183,470,50.5,-28.94,0
1066,8201,336,21.45,-9.4,0
1067,8210,5779,312.5,54.41,6
1068,8213,894,44.6,-9.19,0
1069,8215,1225,37.3,8.71,0
1070,8222,4304,49.4,11.89,0
1071,8227,1252,428.5,-20.8,0
1072,8234,1255,53.6,-29.23,0
1073,8240,214,37.8,-11.09,0
1074,8249,80,32.55,-29.2,0
1075,8255,1513,188.5,57.53,0
1076,8261,643,91.5,-28.04,0
1077,8271,2201,75.4,-15.8,0
1078,8277,326,12.4,23.81,0
1079,8279,4,162.0,-8.05,0
1080,8284,58,63.8,7.38,0
1081,8289,181,37.75,-28.6,0
1082,8291,8,8.09,-77.15,0
1083,8299,3526,756.0,72.59,0
1084,8341,166,113.5,-4.68,0
1085,8342,19,76.0,-3.66,0
1086,8349,556,70.8,10.33,0
1087,8354,88,16.6,-6.77,0
1088,8358,12150,67.2,-8.36,0
1089,8367,90,46.0,9.9,0
1090,8374,194,32.0,-14.65,0
1091,8383,2679,43.65,-42.45,0
1092,8390,5938,62.5,-7.05,0
1093,8401,459,25.75,3.13,0
1094,8403,260,33.2,-4.99,0
1095,8404,487,20.15,42.23,0
1096,1472,141,85.6,113.74,0
1097,1473,526,32.05,51.99,0
1098,1474,346,13.15,25.91,0
1099,1475,230,54.9,19.67,0
1100,1476,857,579.0,17.92,2
1101,1477,1533,407.0,11.96,2
1102,1503,22328,344.5,-1.42,3
1103,1504,43340,61.1,-16.74,4
1104,1506,476,17.65,-14.86,0
1105,1512,29,12.0,-17.28,0
1106,1513,84731,212.0,12.1,7
1107,1514,52341,181.5,19.64,0
1108,1515,1990,51.2,261.3,0
1109,1517,765,17.8,-28.59,0
1110,1519,9601,955.0,48.44,3
1111,1521,69,45.55,-21.18,0
1112,1522,4585,59.5,-5.29,3
1113,1524,5989,37.85,14.31,0
1114,1525,58,76.1,-39.88,0
1115,1526,162,36.65,-44.08,0
1116,1527,536,43.45,-19.53,0
1117,1528,1235,16.05,-17.79,0
1118,1529,7753,38.15,6.74,0
1119,1530,130,33.2,-12.66,0
1120,1531,120,13.8,27.23,0
1121,1532,6139,43.05,94.36,0
1122,1533,176,53.7,-26.36,0
1123,1535,2244,91.3,26.43,0
1124,1536,2291,57.3,-23.73,0
1125,1537,140,140.5,2.52,0
1126,1538,28,23.95,-55.19,0
1127,1539,241,26.55,9.41,0
1128,1540,1082,20.55,40.06,0
1129,1541,37,32.85,19.28,0
1130,1558,86,103.0,0.62,0
1131,1560,2920,276.5,-4.58,0
1132,1565,121,205.0,-5.57,0
1133,1568,570,34.55,-25.94,0
1134,1569,346,25.7,-18.72,0
1135,1570,2466,44.65,-44.7,0
1136,1580,175,162.0,-15.84,0
1137,1582,2620,93.4,12.05,2
1138,1583,48,77.0,-28.25,0
1139,1584,7145,36.35,-18.48,0
1140,1586,180,32.9,14.09,0
1141,1587,5416,51.0,-6.22,0
1142,1589,1017,63.6,-44.34,0
1143,1590,754,1210.0,-4.83,1
1144,1591,416,68.2,143.08,0
1145,1593,26,52.5,-7.27,0
1146,1595,20,37.2,-22.17,0
1147,1597,700,79.9,2.63,0
1148,1598,194,33.9,-20.01,0
1149,1599,52,35.3,74.56,0
1150,1603,15874,53.1,-12.27,0
1151,1604,1590,30.3,8.92,0
1152,1605,66602,40.4,-13.84,3
1153,1608,64210,44.45,-9.51,0
1154,1609,151710,64.7,-5.26,0
1155,1611,4758,18.8,-32.2,0
1156,1612,32368,44.65,26.03,0
1157,1614,208,40.1,-19.22,0
1158,1615,3160,68.3,-1.25,2
1159,1616,6808,28.25,-1.61,0
1160,1617,5960,29.95,-2.75,0
1161,1618,27919,64.2,24.28,0
1162,1626,151,16.65,-10.63,0
1163,1701,1014,24.45,2.43,0
1164,1702,734,58.8,-0.55,2
1165,1707,307,161.5,1.72,2
1166,1708,607,32.9,-12.24,0
1167,1709,517,21.1,-11.5,0
1168,1710,1643,19.65,-18.35,0
1169,1711,1157,21.8,-3.2,0
1170,1712,836,42.2,3.9,1
1171,1713,622,52.6,-14.09,0
1172,1714,1114,9.15,-7.16,0
1173,1717,2893,33.05,-1.82,0
1174,1718,2320,8.01,17.58,0
1175,1720,709,68.5,-3.35,3
1176,1721,887,16.9,-19.76,0
1177,1722,2912,68.7,-13.39,0
1178,1723,543,124.5,-24.72,2
1179,1725,675,41.6,-2.01,2
1180,1726,18,80.3,-15.98,0
1181,1727,807,33.85,25.86,0
1182,1730,38,57.0,-15.39,0
1183,1731,830,27.7,-17.17,0
1184,1732,182,33.6,-3.39,0
1185,1733,1724,37.8,-19.0,0
1186,1734,1245,37.95,-19.08,0
1187,1735,31,18.2,-4.41,0
1188,1736,2968,80.4,12.25,0
1189,1737,1158,35.15,-5.22,0
1190,1742,112,17.35,-48.25,0
1191,1752,219,51.3,-30.52,0
1192,1760,889,114.0,1.52,0
1193,1762,393,53.8,-58.18,0
1194,1773,1337,193.0,6.34,2
1195,6185,252,18.3,-25.85,0
1196,6186,1661,79.0,101.84,0
1197,6187,2080,295.0,281.03,1
1198,6188,11529,104.5,-12.75,1
1199,6189,11252,96.4,88.73,0
1200,6190,2416,37.45,-1.04,0
1201,6191,4044,76.1,-12.88,16
1202,6192,771,114.0,30.33,2
1203,6194,184,40.9,-26.28,0
1204,6195,39,42.15,-16.86,0
1205,6196,3467,176.5,-3.34,0
1206,6197,3532,175.0,29.59,2
1207,6198,672,68.6,5.26,0
1208,6199,23,33.6,-61.5,0
1209,6201,177,66.4,-30.02,0
1210,6202,1440,62.6,-24.98,0
1211,6203,247,97.7,-31.24,0
1212,6204,445,162.0,-26.63,0
1213,6205,502,88.6,-30.38,0
1214,6206,655,83.3,49.32,0
1215,6207,9283,62.4,-10.73,0
1216,6208,1010,64.1,19.05,0
1217,6209,508,27.3,-13.04,0
1218,6210,20,29.8,-43.69,0
1219,6212,102,81.4,4625.33,0
1220,6213,19810,124.0,-4.87,4
1221,6214,658,124.0,46.38,1
1222,6215,7808,43.75,12.22,0
1223,6216,777,37.65,105.55,0
1224,6217,2616,50.8,-8.81,0
1225,6218,397,30.85,-40.97,0
1226,6219,2650,41.2,420.78,0
1227,6220,159,26.8,-12.8,0
1228,6221,30,80.3,-17.48,0
1229,6222,185,38.7,10.75,0
1230,6223,4971,414.0,19.56,17
1231,6224,200,60.9,-10.91,0
1232,6225,15,18.35,69.44,0
1233,6226,409,12.3,-46.24,0
1234,6227,3240,81.8,-28.35,0
1235,6228,18,28.5,44.45,0
1236,6229,1238,43.6,24.32,0
1237,6230,540,248.5,-37.2,0
1238,6231,1002,312.0,30.05,0
1239,6233,2885,47.7,-4.65,0
1240,6234,1343,32.75,-10.95,0
1241,6235,3769,115.0,13.22,0
1242,6236,5,34.5,42.53,0
1243,6237,906,73.4,-15.04,0
1244,6239,5826,201.0,14.8,7
1245,6240,18,25.3,3.51,0
1246,6241,90,16.25,-7.98,0
1247,6242,37,58.8,-16.1,0
1248,6243,608,87.2,-8.86,0
1249,6244,5952,28.55,-43.25,0
1250,6245,1208,117.5,-17.93,0
1251,6246,100,17.35,-25.85,0
1252,6248,1316,36.3,-4.91,0
1253,6257,4968,75.6,14.94,1
1254,6259,49,24.85,-40.33,0
1255,6261,656,75.0,26.18,0
1256,6263,292,175.5,-10.48,0
1257,6264,1316,11.0,37.89,0
1258,6265,769,15.8,-52.85,0
1259,6266,356,34.5,-32.68,0
1260,6269,2135,92.9,-2.9,1
1261,6270,304,29.8,-38.54,0
1262,6271,1951,154.5,5.19,0
1263,6274,15014,192.5,33.21,1
1264,6275,1444,68.7,-10.17,0
1265,6276,193,87.8,-12.02,0
1266,6277,113,82.4,-16.54,3
1267,6278,2920,112.0,1.67,3
1268,6279,942,170.5,-1.38,0
1269,6281,180,88.4,-6.57,0
1270,6282,9516,43.85,67.05,0
1271,6283,5378,34.2,115.21,0
1272,6284,3907,88.9,1.46,0
1273,6285,4523,161.0,3.53,12
1274,6287,5,17.35,-8.19,0
1275,6288,6256,36.7,32.16,0
1276,6290,13653,105.5,6.51,0
1277,6291,106,220.0,-2.48,0
1278,6292,304,88.8,-32.83,0
1279,6294,301,127.0,20.27,0
1280,6405,93,27.4,-41.86,0
1281,6409,168,1790.0,-11.88,2
1282,6411,471,117.5,-10.27,0
1283,6412,649,184.5,-9.67,2
1284,6414,3035,375.0,20.34,10
1285,6415,5151,421.0,15.83,0
1286,6416,839,131.5,-10.15,0
1287,6417,281,109.5,-0.28,0
1288,6418,131,24.6,-6.45,0
1289,6419,215,61.2,257.71,0
1290,6425,5761,86.3,101.02,0
1291,6426,145,80.0,22.33,0
1292,6431,526,16.4,46.19,0
1293,6432,628,37.1,-18.83,0
1294,6435,144,119.0,-13.64,0
1295,2731,2538,142.5,81.57,0
1296,2732,226,143.5,0.82,0
1297,2734,312,41.2,69.56,0
1298,2736,1181,29.6,-34.99,0
1299,2739,767,59.5,21.04,0
1300,2740,2,39.7,25.18,0
1301,2743,923,130.5,180.04,0
1302,2745,700,92.1,174.82,0
1303,2748,788,83.2,43.62,0
1304,2752,20,300.0,27.71,0
1305,2753,263,171.0,9.43,0
1306,2754,199,120.5,31.17,0
1307,2755,15,115.5,10.46,0
1308,2756,34,90.7,-13.16,0
1309,2801,12861,18.45,-7.59,2
1310,2809,5666,56.9,500.73,2
1311,2812,5624,17.55,7.96,2
1312,2816,857,37.25,15.65,0
1313,2820,987,15.4,-38.45,0
1314,2832,807,28.5,12.08,2
1315,2834,21457,16.55,8.14,2
1316,2836,3606,12.45,7.27,0
1317,2838,2461,15.6,39.28,0
1318,2845,6145,14.6,-0.24,2
1319,2849,81,14.25,0.55,0
1320,2850,979,94.0,17.86,3
1321,2851,2927,25.6,16.1,2
1322,2852,1474,20.85,14.01,0
1323,2855,6606,27.05,80.68,2
1324,2867,45161,6.14,2.39,0
1325,2880,13422,23.2,10.76,2
1326,2881,18209,70.7,201.07,1
1327,2882,28343,49.7,62.2,1
1328,2883,49793,14.55,-46.53,3
1329,2884,25489,27.35,4.78,2
1330,2885,25234,30.9,36.89,2
1331,2886,20277,40.9,20.77,0
1332,2887,19007,18.2,-0.13,2
1333,2888,43213,8.75,664.95,1
1334,2889,9078,14.0,2.94,2
1335,2890,22903,21.95,32.42,1
1336,2891,40091,33.05,79.8,0
1337,2892,14013,27.8,11.87,1
1338,2897,11729,10.25,-7.21,0
1339,2901,34,27.45,10.17,0
1340,2903,4137,31.45,-0.36,2
1341,2904,75,19.0,9.76,0
1342,2905,1800,13.8,21.96,0
1343,2906,646,21.45,7.36,0
1344,2908,224,20.75,-2.59,0
1345,2910,38,27.9,8.38,0
1346,2911,149,8.16,-10.68,0
1347,2912,1190,277.5,5.96,3
1348,2913,2177,21.2,-4.12,0
1349,2915,2289,62.2,-32.51,2
1350,2916,147,64.9,12.06,0
1351,2923,67,26.1,12.3,0
1352,2924,14,30.0,26.81,0
1353,2926,16,64.9,14.76,0
1354,2929,281,11.95,-15.2,0
1355,2937,23,36.8,-7.62,0
1356,2939,44,30.5,-68.84,0
1357,2945,32,46.95,1.44,0
1358,2947,21,83.6,9.17,0
1359,2948,17,68.6,-7.89,0
1360,2949,18,120.0,2.46,0
1361,3002,535,17.85,-9.72,0
1362,3003,696,72.5,-1.45,0
1363,3004,1222,119.5,14.13,2
1364,3005,8947,155.5,-2.78,0
1365,3006,4684,97.8,29.01,0
1366,3008,904,2640.0,4.31,0
1367,3010,2973,130.5,15.1,1
1368,3011,454,35.3,-19.96,0
1369,3013,34014,75.4,7.88,0
1370,3014,1465,183.0,-3.58,7
1371,3015,4356,68.4,-32.54,0
1372,3016,1986,62.4,-9.6,2
1373,3017,17117,680.0,6.6,0
1374,3018,47,16.15,-31.76,0
1375,3019,995,69.2,5.95,0
1376,3021,283,26.0,12.65,0
1377,3022,897,85.0,-31.34,0
1378,3023,974,286.0,-3.15,0
1379,3024,3000,19.05,-33.46,0
1380,3025,3133,80.3,-43.87,0
1381,3026,181,97.8,-13.94,0
1382,3027,9622,48.55,47.34,0
1383,3028,774,37.0,13.09,0
1384,3029,2393,78.8,26.13,3
1385,3030,3546,100.0,1.23,5
1386,3031,420,20.55,-28.49,0
1387,3032,4253,85.4,-15.22,2
1388,3033,5651,33.9,12.26,0
1389,3034,5223,630.0,-6.6,43
1390,3035,7393,455.0,-23.88,0
1391,3036,23250,175.5,72.03,0
1392,3037,13978,200.0,2.74,0
1393,2460,2106,41.6,-1.55,0
1394,2461,1789,25.0,7.85,0
1395,2462,486,39.85,-12.29,0
1396,2464,13821,55.2,-41.63,2
1397,2465,8283,160.0,4.81,0
1398,2466,19,38.2,-35.04,0
1399,2467,6207,141.5,29.69,2
1400,2468,447,30.3,-34.64,0
1401,2471,422,61.5,-9.27,0
1402,2472,1881,76.6,3.1,3
1403,2474,2299,224.0,5.66,1
1404,2476,3741,84.6,2.09,0
1405,2477,161,22.3,8.19,0
1406,2478,149,48.3,-5.44,0
1407,2480,208,131.5,3.0,0
1408,2481,1623,64.8,-0.89,0
1409,2482,706,37.8,-70.9,0
1410,2483,170,24.6,-6.48,0
1411,2484,519,36.8,-20.85,0
1412,2485,1451,23.6,-38.53,0
1413,2486,32337,75.0,1.14,2
1414,2488,789,47.8,72.85,0
1415,2489,4449,16.75,44.06,0
1416,2491,137,16.25,24.42,0
1417,2492,3188,124.0,1.7,3
1418,2493,797,106.0,12.2,2
1419,2495,1409,25.2,4.8,0
1420,2496,110,77.1,6.92,0
1421,2497,868,62.6,1.57,0
1422,2498,4591,51.7,-57.41,0
1423,2501,30168,30.95,256.46,0
1424,2504,14182,48.25,-12.11,11
1425,2505,1056,28.25,-11.84,0
1426,2506,7317,12.75,42.24,0
1427,2509,3605,22.05,6.1,0
1428,2511,7873,12.35,24.38,0
1429,2514,2694,17.2,169.58,0
1430,2515,94248,17.45,37.01,1
1431,2516,3333,13.55,-18.73,0
1432,2520,10789,49.4,58.37,4
1433,2524,577,48.15,133.91,0
1434,2527,3769,54.0,290.74,0
1435,2528,1313,52.1,138.89,0
1436,2530,2908,54.0,40163.64,0
1437,2534,2529,23.8,-39.86,0
1438,2535,1804,59.0,11.55,0
1439,2536,1225,35.9,0.52,0
1440,2537,20107,16.5,534.91,0
1441,2538,1852,16.4,-46.41,0
1442,2539,1447,76.7,-24.35,2
1443,2540,2397,125.0,1.36,0
1444,2542,5641,41.6,-23.9,0
1445,2543,8727,53.8,8.25,0
1446,2545,1821,52.3,1806.83,0
1447,2546,468,102.5,-9.75,0
1448,2547,11019,12.1,30.32,0
1449,2548,3277,149.5,-99.92,8
1450,2596,450,36.5,32.55,0
1451,2597,930,174.5,-1.36,0
1452,2601,1886,8.56,-13.11,0
1453,2603,29296,191.0,37.46,1
1454,2605,12371,27.65,19.36,0
1455,2606,7075,56.4,21.25,2
1456,2607,10098,34.8,22.73,0
1457,2608,1078,42.1,-9.09,0
1458,2609,22842,52.2,20.27,1
1459,2610,30567,20.7,9.74,1
1460,2611,3793,24.75,3.57,0
1461,2612,613,48.75,13.49,0
1462,2613,115,23.05,2.46,0
1463,2614,840,21.65,-1.95,0
1464,2615,6738,52.8,8.57,0
1465,2616,157,29.95,-18.13,0
1466,2617,1490,36.25,6.68,0
1467,2618,71799,32.7,8.29,5
1468,2630,20542,44.95,23.27,2
1469,2633,3740,30.35,12.52,0
1470,2634,41305,58.7,6.24,2
1471,2636,2424,106.0,39.93,0
1472,2637,8490,66.7,30.05,2
1473,2640,138,122.0,-5.25,0
1474,2641,3033,21.2,35.21,0
1475,2642,72,40.45,0.92,0
1476,2643,263,80.6,93.46,0
1477,2645,4822,120.0,0.16,0
1478,2701,321,12.75,11.15,0
1479,2702,172,20.9,5.61,0
1480,2704,3887,73.8,7.79,0
1481,2705,651,18.5,15.38,0
1482,2706,259,15.7,5.48,0
1483,2707,262,228.0,0.77,0
1484,2712,77,35.45,-14.87,0
1485,2718,98,101.5,-84.76,0
1486,2719,92,61.1,351.38,0
1487,2722,625,62.5,-0.82,0
1488,2723,462,98.3,-8.19,0
1489,2724,206,30.0,71.73,0
1490,2726,18,28.1,-28.78,0
1491,2727,1063,254.5,10.36,8
1492,2729,89,242.5,20.94,0
1493,8409,60,24.95,6.37,0
1494,8410,94,78.5,-12.94,0
1495,8411,230,14.95,7.04,0
1496,8415,910,35.95,-21.98,0
1497,8416,31,158.0,16.92,0
1498,8420,126,60.1,-89.17,0
1499,8421,76,14.6,-4.87,0
1500,8422,492,190.0,49.45,0
1501,8423,81,29.75,20.96,0
1502,8424,17,72.4,-9.79,0
1503,8426,225,75.5,-2.44,0
1504,8429,194,11.0,-20.11,0
1505,8431,180,63.4,-18.65,0
1506,8432,116,64.3,-0.83,0
1507,8433,463,108.0,7.17,0
1508,8435,111,79.0,0.73,0
1509,8436,1520,180.5,-16.73,1
1510,8437,139,48.15,27.68,0
1511,8438,770,38.55,7.47,0
1512,8440,3068,45.85,-11.32,0
1513,8442,286,128.0,2.95,2
1514,8443,145,12.5,14.71,0
1515,8444,19,43.0,2.07,0
1516,8446,231,113.0,0.11,0
1517,8450,96,24.2,-18.56,0
1518,8454,1001,472.0,6.56,2
1519,8455,4,21.4,-1.18,0
1520,8462,74,125.0,14.99,0
1521,8463,380,28.75,16.54,0
1522,8464,752,382.0,-2.2,1
1523,8466,99,49.6,33.0,0
1524,8467,1155,213.0,12.15,2
1525,8472,41,37.55,-2.38,0
1526,8473,7042,49.55,-30.17,0
1527,8476,133,65.5,38.32,0
1528,8477,60,22.0,-22.69,0
1529,8478,718,425.5,4.67,0
1530,8481,32,53.1,-12.83,0
1531,8482,6,68.2,-14.49,0
1532,8488,68,17.05,-24.6,0
1533,8489,65,33.0,-0.88,0
1534,8499,22,129.0,1.45,0
1535,8905,95,32.0,-55.01,0
1536,8906,131,18.9,-7.01,0
1537,8908,45,60.7,-11.53,0
1538,8916,277,62.6,-5.73,0
1539,8917,12,64.0,-2.76,0
1540,8921,6,15.4,-13.34,0
1541,8923,34,23.1,-0.33,0
1542,8924,494,93.5,-9.85,0
1543,8926,7696,49.55,97.25,0
1544,8927,716,63.4,18.16,0
1545,8928,62,31.35,23.44,0
1546,8929,16,20.45,-3.64,0
1547,8930,1613,44.9,-4.37,0
1548,8931,335,61.4,-23.27,0
1549,8932,340,126.5,10.75,0
1550,8933,578,11.75,-30.82,0
1551,8935,65,12.5,-30.84,0
1552,8936,21092,92.2,24.98,1
1553,8937,366,21.9,-50.43,0
1554,8938,573,77.9,-28.74,0
1555,8940,814,30.8,71.29,0
1556,8941,52,80.5,-20.95,0
1557,8942,300,75.1,-32.65,0
1558,8996,6303,390.5,-32.74,2
1559,9802,1065,127.5,-60.35,1
1560,9902,1217,17.85,-13.39,0
1561,9904,13548,36.25,-1.33,2
1562,9905,297,24.1,-6.61,0
1563,9906,350,81.0,-91.32,0
1564,9907,1750,15.9,1.23,0
1565,9908,128,32.75,-3.31,0
1566,9910,1482,169.0,10.95,0
1567,9911,868,89.3,20.5,3
1568,9912,234,14.0,-17.15,0
1569,9914,1956,235.5,-19.75,1
1570,9917,571,129.5,5.95,2
1571,9918,19,41.55,-2.6,0
1572,9919,2966,27.6,-12.45,0
1573,9921,2593,229.5,-17.37,1
1574,9924,504,55.3,9.82,3
1575,9925,201,41.3,4.18,0
1576,9926,8,55.5,8.26,0
1577,9927,939,78.5,-27.15,3
1578,9928,102,21.0,0.7,0
1579,9929,20,17.5,27.64,0
1580,9930,507,67.0,-6.48,0
1581,9931,41,39.1,112.56,0
1582,9933,6809,50.2,41.74,0
1583,9934,5077,18.3,-8.55,0
1584,9935,1092,25.0,40.88,0
1585,9937,24,69.2,-2.13,0
1586,9938,2709,61.2,20.6,0
1587,9939,1126,160.0,4.86,2
1588,9940,649,31.65,27.32,0
1589,9941,1131,179.0,2.03,2
1590,9942,278,139.5,-21.68,2
1591,9943,222,93.3,9.63,0
1592,9944,580,21.65,58.19,0
1593,3038,954,36.55,-21.66,0
1594,3040,67,31.9,-3.93,0
1595,3041,1739,32.25,-9.08,0
1596,3042,2557,121.5,26.15,1
1597,3043,192,36.6,-58.35,0
1598,3044,3270,225.5,3.56,5
1599,3045,5561,104.5,11.1,2
1600,3046,492,69.7,42.54,0
1601,3047,1527,19.9,-15.03,0
1602,3048,397,26.1,-1.77,0
1603,3049,1739,9.5,-51.33,0
1604,3050,2015,25.0,17.49,0
1605,3051,2712,40.95,-21.41,0
1606,3052,3726,14.1,-14.24,0
1607,3054,28,21.2,440.0,0
1608,3055,2193,84.2,-19.18,0
1609,3056,3671,31.3,123.94,0
1610,3057,200,14.65,-28.57,0
1611,3058,2114,24.3,-17.41,0
1612,3059,13617,41.2,-31.7,0
1613,3060,11086,29.4,70.43,0
1614,3062,3459,25.8,-16.62,0
1615,3064,12,39.0,-2.84,0
1616,3066,253,29.65,-21.85,0
1617,3067,16,39.4,-73.56,0
1618,3071,488,40.5,-13.25,0
1619,3073,101,35.05,-14.95,0
1620,3078,1373,84.0,-25.17,0
1621,3081,1560,158.5,-15.34,0
1622,3083,704,57.5,102.98,0
1623,3085,39,13.9,88.92,0
1624,3086,90,164.0,7.17,0
1625,3088,876,93.1,-22.93,0
1626,3090,576,63.0,5.98,0
1627,3092,599,35.8,-20.02,0
1628,3093,137,31.3,-64.55,0
1629,3094,474,37.6,-47.96,0
1630,3095,172,42.5,51.12,0
1631,3105,3222,162.5,42.85,0
1632,3114,104,30.0,5.15,0
1633,3115,17,10.95,-86.3,0
1634,3118,92,32.45,23.94,0
1635,3122,586,44.85,-5.05,0
1636,3128,175,34.45,-21.57,0
1637,3130,29,234.0,5.89,0
1638,3131,1595,1110.0,-4.73,7
1639,3138,255,151.5,-2.28,0
1640,3141,927,93.1,-41.14,0
1641,3147,807,159.5,0.2,0
1642,3149,621,31.7,-6.88,0
1643,3152,141,245.0,19.65,0
1644,3162,445,46.75,12.79,0
1645,3163,3454,121.0,-23.88,0
1646,3164,142,23.95,18.1,0
1647,3167,2485,72.0,103.81,0
1648,3169,387,150.5,-15.26,0
1649,3171,468,31.9,-6.05,0
1650,3176,460,43.5,92.92,0
1651,3178,2477,136.0,-27.15,0
1652,3188,1717,28.9,178.58,0
1653,3189,2513,104.0,-6.1,1
1654,3191,29,25.2,-46.7,0
1655,3202,424,14.85,5.99,0
1656,3205,190,47.3,-22.54,0
1657,3206,1150,53.9,-10.01,0
1658,3207,2225,146.0,-9.16,0
1659,3209,1089,37.55,-60.43,0
1660,3211,1837,95.0,-23.93,0
1661,3213,2253,111.5,67.59,0
1662,3217,2169,195.0,11.38,0
1663,3218,562,304.0,0.66,0
1664,3219,83,45.8,37.58,0
1665,3221,412,34.05,-6.48,0
1666,3224,67,41.1,-0.56,0
1667,3226,8,64.4,19.93,0
1668,3227,1222,179.5,41.89,0
1669,3228,899,560.0,35.23,0
1670,3229,45,17.35,-29.45,0
1671,3230,158,13.4,-40.76,0
1672,3231,83310,132.0,-5.41,2
1673,3232,436,36.5,29.95,0
1674,3234,1125,40.5,6.19,0
1675,3236,144,23.1,-29.58,0
1676,3252,140,21.15,-3.47,0
1677,3257,490,74.4,-14.87,0
1678,3259,31,31.8,-34.28,0
1679,3260,23098,115.5,56.59,2
1680,3264,4728,85.8,-1.02,7
1681,3265,1676,136.0,7.89,0
1682,3266,858,21.5,-50.12,0
1683,3268,183,38.7,-23.37,0
1684,3272,74,34.55,34.28,0
1685,3276,409,24.1,15.86,0
1686,3284,1404,30.5,28.26,0
1687,3285,50,28.6,34.19,0
1688,3287,3435,45.1,53.89,0
1689,3288,53,38.25,-39.01,0
1690,3289,4777,141.0,23.76,0
1691,3290,273,26.2,-16.23,0
1692,3556,140,62.5,-39.97,0
1693,3557,1182,71.2,71.3,0
1694,3558,513,248.0,-49.9,0
1695,3563,2047,443.5,-49.49,0
1696,3564,611,69.8,-8.76,0
1697,3567,268,44.5,-1.77,0
1698,3570,91,175.0,-22.95,0
1699,3576,15086,14.4,-63.42,0
1700,3577,21,78.3,-30.34,0
1701,3580,220,59.3,-47.84,0
1702,3581,281,34.8,-18.77,0
1703,3583,9231,380.5,29.51,1
1704,3587,2535,316.5,5.29,7
1705,3588,1346,118.0,41.21,0
1706,3591,549,27.5,10.65,0
1707,3592,770,498.0,63.84,0
1708,3593,30,13.55,-3.45,0
1709,3594,327,45.9,-41.34,0
1710,3596,1232,199.0,6.95,1
1711,3597,273,26.3,-28.94,0
1712,3605,1728,43.0,-7.15,0
1713,3607,1147,21.3,-26.87,0
1714,3609,216,38.7,-41.89,0
1715,3611,175,244.5,-12.35,0
1716,3615,3921,31.65,6.72,0
1717,3617,1758,252.0,-11.03,3
1718,3622,9415,69.4,-9.21,0
1719,3623,187,48.25,-26.52,0
1720,3624,377,56.2,-15.08,0
1721,3625,198,15.8,-60.12,0
1722,3628,310,51.3,5.83,0
1723,3629,22,33.3,-99.91,0
1724,3630,391,35.55,18.82,0
1725,3631,156,41.7,-64.69,0
1726,3632,18,14.7,-23.39,0
1727,3645,3942,48.3,44.57,0
1728,3646,82,31.0,7.74,0
1729,3652,96,31.15,-0.24,0
1730,3653,1288,996.0,10.17,3
1731,3661,3595,4430.0,51.93,0
1732,3663,1055,50.5,-17.44,0
1733,3664,171,33.3,29.2,0
1734,3665,1172,262.5,-6.76,0
1735,3666,3906,43.1,-30.46,0
1736,3669,207,58.5,-6.48,0
1737,3672,67,27.5,-44.2,0
1738,3673,3099,40.35,-15.38,0
1739,3675,1255,310.5,28.96,0
1740,3679,160,123.5,18.87,0
1741,3680,2362,482.0,-30.14,0
1742,3684,14,47.1,-3.55,0
1743,3685,173,22.2,-25.63,0
1744,3686,1630,16.7,249.61,0
1745,3687,201,108.0,-8.95,0
1746,3689,1838,88.5,-39.73,0
1747,3691,2502,156.0,132.38,0
1748,3693,718,469.0,-19.24,0
1749,3694,1584,58.1,-10.5,0
1750,3701,1058,70.8,-20.29,0
1751,3702,8139,97.3,26.71,1
1752,3703,9881,39.1,-4.27,0
1753,3704,2893,50.1,-30.28,3
1754,3705,397,49.3,-6.76,3
1755,3706,13905,57.9,-6.71,2
1756,3707,9528,73.8,-19.25,1
1757,3708,8403,146.5,-2.57,8
1758,3709,103,30.1,-1.94,0
1759,3710,1396,10.8,11.53,0
1760,3711,18133,163.5,-0.25,1
1761,3712,6038,49.75,67.53,0
1762,3713,37,25.35,-30.01,0
1763,3714,2398,45.1,1.68,0
1764,3715,12807,85.2,4.9,0
1765,4102,290,41.3,-26.56,0
1766,4104,503,97.4,-4.87,0
1767,4105,701,82.0,-6.71,0
1768,4106,136,28.9,-23.85,0
1769,4107,233,127.0,9.83,0
1770,4108,279,23.5,-35.21,0
1771,4109,2109,27.0,85.05,0
1772,4111,156,26.7,-3.32,0
1773,4113,1394,44.4,345.39,0
1774,4114,1146,39.95,-13.14,0
1775,4116,83,64.8,-1.98,0
1776,4119,242,97.2,-0.25,0
1777,4120,122,44.2,-17.2,0
1778,4121,341,27.9,-7.31,0
1779,4123,1307,48.35,12.37,0
1780,4126,114,91.1,7.35,0
1781,4127,4304,38.6,-32.51,0
1782,4128,1749,49.0,1.93,0
1783,4129,1063,106.0,5.35,0
1784,4130,253,26.3,-2.22,0
1785,4131,25,37.5,-26.24,0
1786,4133,146,35.7,-14.61,0
1787,4137,121,205.0,-9.86,0
1788,4138,348,139.0,1.61,0
1789,4139,10,40.0,-5.05,0
1790,4142,1689,32.0,-62.75,0
1791,4147,2253,114.0,232.43,0
